Comment,Designator,Footprint,LCSC Part #
ESP32-C3-WROOM-02-N4,U2,ESP32-C3-WROOM-02,C2934560
AP63203WU,U1,TSOT-23-6,C780769
AO3400A,Q1,SOT-23,C20917
4.7uH,L1,4.0 x 4.0 mm (FNR4030S),C167874
SS34,D1,SMA,C8678
SS14,D2,SMA,C2480
SMAJ28A,D3,SMA,C353458
GREEN,D4,0603,C72043
PTC,F1,1812,
10uF 50V,C1,1206,C13585
100nF 50V,"C2,C3,C7",0603,C14663
22uF 25V,"C4,C5",0805,C45783
10uF 25V,C6,0805,C15850
1uF 50V,C8,0603,C15849
10k 1%,"R1,R2,R3,R4",0603,C25804
100R 1%,R5,0603,C22775
100k 1%,R6,0603,C25803
1k 1%,R7,0603,C21190
5.1k 1%,"R8,R9",0603,C23186
TS-1187A,"SW1,SW2",SMD 4-pad,C318884
USB-C 16P,J3,HRO TYPE-C-31-M-12,C165948
2-pos 5.08 mm,"J1,J2",Phoenix MKDS 1.5/2-5.08,C480516
