Ref,Val,Package,PosX,PosY,Rot,Side
"C1","10uF_50V","C_1206_3216Metric",121.000000,-108.000000,90.000000,top
"C2","100nF_50V","C_0603_1608Metric",123.500000,-108.000000,90.000000,top
"C3","100nF","C_0603_1608Metric",127.500000,-104.500000,0.000000,top
"C4","22uF_10V","C_0805_2012Metric",137.000000,-108.000000,90.000000,top
"C5","22uF_10V","C_0805_2012Metric",139.500000,-108.000000,90.000000,top
"C6","10uF","C_0805_2012Metric",161.000000,-107.600000,0.000000,top
"C7","100nF","C_0603_1608Metric",157.500000,-107.600000,0.000000,top
"C8","1uF","C_0603_1608Metric",150.500000,-107.600000,0.000000,top
"D1","SS34","D_SMA",115.500000,-111.500000,0.000000,top
"D2","SS14","D_SMA",125.000000,-124.000000,0.000000,top
"D3","SMAJ28A","D_SMA",115.500000,-107.500000,0.000000,top
"D4","GREEN","LED_0603_1608Metric",149.500000,-134.600000,0.000000,top
"F1","PTC_3A_hold_30V","Fuse_1812_4532Metric",115.500000,-103.500000,0.000000,top
"J1","DC_IN_12-24V","TerminalBlock_Phoenix_MKDS-1,5-2-5.08_1x02_P5.08mm_Horizontal",105.000000,-104.500000,-90.000000,top
"J2","LED_STRIP","TerminalBlock_Phoenix_MKDS-1,5-2-5.08_1x02_P5.08mm_Horizontal",105.000000,-122.000000,-90.000000,top
"J3","USB-C","USB_C_Receptacle_HRO_TYPE-C-31-M-12",130.000000,-134.199999,0.000000,top
"J4","UART","PinHeader_1x04_P2.54mm_Vertical",144.000000,-102.500000,90.000000,top
"L1","4.7uH_3A","L_Changjiang_FNR4030S",132.500000,-108.000000,0.000000,top
"Q1","AO3400A","SOT-23",113.000000,-124.000000,0.000000,top
"R1","10k","R_0603_1608Metric",154.000000,-107.600000,0.000000,top
"R2","10k","R_0603_1608Metric",147.500000,-110.000000,0.000000,top
"R3","10k","R_0603_1608Metric",147.500000,-112.500000,0.000000,top
"R4","10k","R_0603_1608Metric",153.500000,-132.000000,0.000000,top
"R5","100R","R_0603_1608Metric",120.000000,-121.500000,0.000000,top
"R6","100k","R_0603_1608Metric",117.500000,-127.000000,0.000000,top
"R7","1k","R_0603_1608Metric",149.500000,-132.000000,0.000000,top
"R8","5.1k","R_0603_1608Metric",122.500000,-131.000000,90.000000,top
"R9","5.1k","R_0603_1608Metric",137.000000,-131.000000,90.000000,top
"SW1","RESET","SW_Push_1P1T_XKB_TS-1187A",115.000000,-133.500000,0.000000,top
"SW2","BOOT/USER","SW_Push_1P1T_XKB_TS-1187A",142.500000,-133.500000,0.000000,top
"U1","AP63203WU","TSOT-23-6",127.500000,-108.000000,0.000000,top
"U2","ESP32-C3-WROOM-02","ESP32-C3-WROOM-02",156.800000,-120.000000,-90.000000,top
