Designator,Mid X,Mid Y,Layer,Rotation
C1,121.000000mm,-108.000000mm,Top,90.000000
C2,123.500000mm,-108.000000mm,Top,90.000000
C3,127.500000mm,-104.500000mm,Top,0.000000
C4,137.000000mm,-108.000000mm,Top,90.000000
C5,139.500000mm,-108.000000mm,Top,90.000000
C6,161.000000mm,-107.600000mm,Top,0.000000
C7,157.500000mm,-107.600000mm,Top,0.000000
C8,150.500000mm,-107.600000mm,Top,0.000000
D1,115.500000mm,-111.500000mm,Top,0.000000
D2,125.000000mm,-124.000000mm,Top,0.000000
D3,115.500000mm,-107.500000mm,Top,0.000000
D4,149.500000mm,-134.600000mm,Top,0.000000
F1,115.500000mm,-103.500000mm,Top,0.000000
J1,105.000000mm,-104.500000mm,Top,-90.000000
J2,105.000000mm,-122.000000mm,Top,-90.000000
J3,130.000000mm,-134.199999mm,Top,0.000000
L1,132.500000mm,-108.000000mm,Top,0.000000
Q1,113.000000mm,-124.000000mm,Top,0.000000
R1,154.000000mm,-107.600000mm,Top,0.000000
R2,147.500000mm,-110.000000mm,Top,0.000000
R3,147.500000mm,-112.500000mm,Top,0.000000
R4,153.500000mm,-132.000000mm,Top,0.000000
R5,120.000000mm,-121.500000mm,Top,0.000000
R6,117.500000mm,-127.000000mm,Top,0.000000
R7,149.500000mm,-132.000000mm,Top,0.000000
R8,122.500000mm,-131.000000mm,Top,90.000000
R9,137.000000mm,-131.000000mm,Top,90.000000
SW1,115.000000mm,-133.500000mm,Top,0.000000
SW2,142.500000mm,-133.500000mm,Top,0.000000
U1,127.500000mm,-108.000000mm,Top,0.000000
U2,156.800000mm,-120.000000mm,Top,-90.000000
